Amplicon,Target,FW,RV,Sequenom
NPY,GAGCCTTCTGTGCCTGCAGATGCTAGGTAACAAGCGACTGGGGCTGTCCGGACTGACCCTCGCCCTGTCCCTGCTCGTGTGCCTGGGTGCGCTGGCCGAGGCGTACCCCTCCAAGCCGGACAACCCGGGCGAGGACGCACCAGCGGAGGACATGGCCAGATACTACTCGG,aggaagagagGAGTTTTTTGTGTTTGTAGATGTTAGG,cagtaatacgactcactatagggagaaggctCCGAATAATATCTAACCATATCCTCC,TRUE
SATB2,GCCCCTGGCTGTAGCCTTTGGGACTTCTCTCCCGCGTCTTGGGTCAGAGCAGCGTCCGCAGCAAAGTCCTTTGGGGTGAAAGACCCGGGTGCGAATTAGTTTCAAAGTGGGAGGTTGCTTAC,aggaagagagGTTTTTGGTTGTAGTTTTTGGGATT,cagtaatacgactcactatagggagaaggctATAAACAACCTCCCACTTTAAAACTAA,TRUE
HMX2,GCCCCCTGGCTGGGTCACTGAGCCGCGGGAAGTGGACGACCCGAGTAAATGGGGCAAAATGGAATCGTGGAGGGCAGCGTAGCGCCCAGCAGAAGCTCAGGCCCCACGGGGACTCTTAAGGGGAGTCCAGGTGCC,aggaagagagGTTTTTTGGTTGGGTTATTGAGT,cagtaatacgactcactatagggagaaggctAACACCTAAACTCCCCTTAAAAATC,TRUE
FERD3L,GGGGAGGCCAGGGACAGGTCTGCGACGAAGTCCAGCACCGTAGTGTCCACGCAGCTCTCCGGATAGGCCGCCATCGCTTCGGCTTGGCCCTGCCTCTCATCGGTTTTCCGCAGGGAGGGGCGAGGTTGCTGGTGGGGATTCTTAACAGCCTTGAATCTGATGGGGCA,aggaagagagGGGGAGGTTAGGGATAGGTT,cagtaatacgactcactatagggagaaggctTACCCCATCAAATTCAAAACTATTA,TRUE
C9orf125,CCAGGGCCCTGGATCTAGTGTCTGTCGCTGACCTTGGGCAGTCCCTGCCACGCTTGAGCCTCAGTTTCCCACCCGTAGGCCGAGCTGACCGTCTCCATCGCTGCGCTCCTTCCCTTCTGCTGGTTTTTCCTGGTCCTGGGAGGGA,aggaagagagTTAGGGTTTTGGATTTAGTGTTTGT,cagtaatacgactcactatagggagaaggctTCCCTCCCAAAACCAAAAA,TRUE
GHSR2F,GACACCACCAGCATGGTGAGCAGGTTGCCAGCGATGCCCACCACGAAGAGTGCCACGCAGGTGGCTGTGACGCCCGCCAGCAGCGGCGCGGGGAAGAGCTGCAGCAGCTCGTCGCCCAGCGAGTCGTTGCCGGGGGAAGCATCCCAGTCCAGGT,aggaagagagGATATTATTAGTATGGTGAGTAGGTTGTTA,cagtaatacgactcactatagggagaaggctACCTAAACTAAAATACTTCCCCC,TRUE
PLD52F,TGGAGGTGCCTGTGCAGAGTGAGCACGAAGGGGAAGTGCCACCAGCGTGGCTCCGAGCAACCTGGCGTTGCATGGTAGTGGGCTTTAGAGCGGCGTTTGCCCGCGTCTTTGGGGGCTGTTTTACTCAGT,aggaagagagTGGAGGTGTTTGTGTAGAGTGAGTA,cagtaatacgactcactatagggagaaggctACTAAATAAAACAACCCCCAAAAAC,TRUE
CG752F,TCTAAGTGAGCCTGATGCTTTTGGGAACGCGGAACGGGCGACCTGCGGTGCCAGGAGCGAAGCCGAGGCACCGCGCCGCTGCCGCCTGGATGGGAAGTTAAGGTTTAC,aggaagagagTTTAAGTGAGTTTGATGTTTTTGGG,cagtaatacgactcactatagggagaaggctATAAACCTTAACTTCCCATCCAAAC,TRUE
CG2452F,AGTAGAGGCTGGAGAAGGTGTTGTACTGGTCGATAGCCACGATGAGCTTGCACATGAGCTCCCCGAAGGGCCACTGCCGCAGCAGGAAGTCGGCGATGTTGATGGGCAGCACCAGCGTGAAGAGCTCGTCGGCGATGGCCAGGTTGAGGATGAACAGGT,aggaagagagAGTAGAGGTTGGAGAAGGTGTTGTAT,cagtaatacgactcactatagggagaaggctACCTATTCATCCTCAACCTAACCAT,TRUE
CG1002F,GCTGGATATTGGGCAGTGATGCCCGCCGCGCGTTATTCCACGGGGACGGGGACGCGAAGGTCGTTTACAGACCGTCCCGGGTCACCGGTGGCCTGCGCTGCCCGGGAGGGGCAGGAGAATCCCAGCTTCAAAGGAGGCC,aggaagagagGTTGGATATTGGGTAGTGATGTT,cagtaatacgactcactatagggagaaggctAACCTCCTTTAAAACTAAAATTCTCC,TRUE
CG2611F,CTGGGCAGGGATAGGGGTCCTATTCGGGGCGAAGGGTCTGGATGCGAGCAGAGAAAGCGGAGGGTGGAGGAACCCGGGGCTGCGCCCCTGGAACGCCCGGCCGCAGGCGAGGTCCTCCGCGCGTGGAGGCCGCCAGGGGAGTGGAAACTGACAGAG,aggaagagagTTGGGTAGGGATAGGGGTTTTATT,cagtaatacgactcactatagggagaaggctCTCTATCAATTTCCACTCCCCTAAC,TRUE
CG242F,GGCTGTGAGAGTCCCCTAGAGCTGAAGCCCCGGAGGCTGACCTGTGGGTCTGGCTGCTATGGGAACCCGGTTGGTCCAAAGAAGCCTTTCTTCCGGGCACCTGGAATTCCAGTTTAGTGTGGGGCATCGGGGAAGTGGCGCTGGGGGGCTGGGTTGGGGGACCTCAGC,aggaagagagGGTTGTGAGAGTTTTTTAGAGTTGAA,cagtaatacgactcactatagggagaaggctACTAAAATCCCCCAACCCAAC,TRUE
LINC,TGCTCAGGCTCAGCCTGTACCTGAGCTGCGCTGCGGCCACCTTCCTGCTGGGGACCCTGTTCGCCCTCGTCTGCCGGAGCCCGCGCGCCCCGCCGCCCGACTTTGCCGCCGCCTGGAGCCGGCTGGCCGCGACCTCAGCCGCCCGCCGCCCTCCTGGGAGTCCTGTGTATGGAAACTCAC,aggaagagagTGTTTAGGTTTAGTTTGTATTTGAGTTG,cagtaatacgactcactatagggagaaggctATAAATTTCCATACACAAAACTCCC,TRUE
CPNE8,CCACAGATGAGAGGGCAGGAGAGAGGGGAAGGGCTGCGTCCTCACCTGCAGGACACGGACACCTCCACCCGCGTGGCCGGGATGGCAGCGCTCAGCTGGTTCAAGTCCCCGATGCCCGCAGTGCTGTTGTAGCGGCTGTCCATATTGGGAGGAGG,aggaagagagTTATAGATGAGAGGGTAGGAGAGAGG,cagtaatacgactcactatagggagaaggctCCTCCTCCCAATATAAACAACC,TRUE
ROPN1B,CTGGGACAGAGGTGCAGGAAACACCTAATCTTACCTTCGTAACACAGCCGCTTGGTCTCTAGATGTGTTTCTGTTTAAATCGTCGTAGCCCTCTAGAGCGCCGGCTTTCGGGTCAGGCCGGGGTTCAAGTCCCAGCCTTCGCCGCTGGGTCCAGTGACTTAAGCTCTCT,aggaagagagTTGGGATAGAGGTGTAGGAAATA,cagtaatacgactcactatagggagaaggctAAAAAACTTAAATCACTAAACCCAAC,TRUE
APBB2,CCATTGGCTGCTGGGGAGGCGCGTGGCCCCGCCCCACCCGGCCGCACTCCCGTGAAGTGCTCCCGCTAGGTGCTCCCGCCAGATGCTCCAGCTGCTAGGGGACTGGCTCAGGGC,aggaagagagTTATTGGTTGTTGGGGAGG,cagtaatacgactcactatagggagaaggctACCCTAAACCAATCCCCTAA,TRUE

